,mp_id,diel,gap,diel_completed_at,gap_completed_at,completed_at
ZnSe,mp-1190,9.97737868,2.4743,1288.0279999999984,1729.428,1729.428
BaSe,mp-1253,11.43267516,2.8407,2943.4219999999987,3221.7429999999986,3221.7429999999986
AlSbO4,mp-676861,10.314697283333334,3.53,2307.928,4057.345000000001,4057.345000000001
RbNO2,mp-752580,5.86167639,4.279,4257.342000000001,3324.749,4257.342000000001
RbPt2Se3,mp-14797,11.759846833333334,2.2070000000000003,4686.609,3726.866000000002,4686.609
NaCNO,mp-546500,4.376060296666666,5.9209,2817.508999999998,5804.241999999998,5804.241999999998
K(CuSe)2,mp-567657,1.8731981033333331,0.0,4780.799999999999,6244.471000000001,6244.471000000001
K2O,mp-971,8.97014894,3.1790000000000003,9334.434,9675.144,9675.144
Cs3AlO3,mp-562441,8.58419056,3.9692,11423.056,5602.914000000001,11423.056
Cd(CuO2)2,mp-772099,15.773518746666667,1.7126,6476.239000000001,12553.16,12553.16
Na3AuO2,mp-28365,7.378721453333334,2.9854000000000003,12512.438999999998,13353.326,13353.326
BaLaAgSe3,mp-1101818,14.3802786,2.3292999999999995,15207.902999999998,8980.866000000002,15207.902999999998
Rb3AgSn3Se8,mp-571164,9.281216683333332,2.0588,15269.941,6394.628000000001,15269.941
CdBiO3,mp-755478,20.67497789333333,1.5994000000000006,18943.559,17063.379999999997,18943.559
Ag2TeS3,mp-29163,19.13186338,1.8705,19638.064,15024.961,19638.064
Ba2Hg3(PdO2)7,mp-557269,13.319901926666669,0.0,19943.045,9177.725,19943.045
LaSb5O12,mp-31419,11.970527359999998,4.6409,20153.618,20476.496,20476.496
Na4TiO4,mp-14726,6.204047153333334,4.9379,21267.003,12215.281,21267.003
Ba2SnS4,mp-541832,12.296364513333334,2.9544,22552.987,4843.368999999999,22552.987
BaPS3,mp-11006,8.796071843333333,4.3944,24569.82,19539.986,24569.82
Na2In2SiS6,mp-1190138,7.526794383333334,3.5299000000000005,25392.589,7429.598999999998,25392.589
Au2S,mp-947,7.7658133,2.7947,26549.681,26815.235,26815.235
Bi2TeO6,mp-27251,38.37600117,2.5976,29754.08,28410.539,29754.08
Y2TeO6,mp-17066,12.238279426666669,4.935700000000001,30084.046,20132.171,30084.046
Ba4Na(BiO4)3,mp-559352,39.71154706,1.8204,30820.7,30199.21,30820.7
CsTa(BO3)2,mp-9309,16.274026143333334,5.2807,32774.953,28988.184,32774.953
Na2Ca(SO4)2,mp-6397,6.896676683333332,7.583699999999999,33261.028,29126.634,33261.028
NbCu3S4,mp-5621,7.132473500000001,2.6057,31517.046,33276.438,33276.438
Ba2PbO4,mp-20098,21.533802416666667,2.4077,36233.815,36376.133,36376.133
CoPSe,mp-10368,28.943525493333336,1.5087000000000002,26231.903,37425.804,37425.804
Ba11In6O3,mp-605809,12.412357983333331,0.0,37784.116,32085.634,37784.116
KS,mp-1287,6.05341408,2.6256000000000004,40598.669,38315.414,40598.669
K2Ca3Si3O10,mp-1019747,8.578716246666666,5.8834,42319.279,16671.451999999997,42319.279
KV3(SeO6)2,mp-541520,15.182357823333334,3.565,42554.157,29914.529,42554.157
K2InP2S7,mp-862780,9.567860366666666,3.0649,43356.341,30700.976,43356.341
Cs3Nb2AsSe11,mp-683903,9.91872106,1.8606,43697.333,26102.678,43697.333
Na3PO4,mp-674333,4.520979479999999,5.7531,43959.302,37587.937,43959.302
Nb3VS6,mp-15958,1.0297001466666666,0.1559999999999997,46960.503,46801.888,46960.503
K2Zn3O4,mp-28371,10.700544406666667,3.1193,47447.46,46188.704,47447.46
GePb3O5,mp-559144,15.26602263666667,3.3002,50549.649000000005,50514.035,50549.649000000005
Sr3Ti2O7,mp-3349,91.54262125,3.3635,46157.553,50898.205,50898.205
Rb2Ti(AgS2)2,mp-1209316,8.353258929999999,0.0,54102.523,50829.851,54102.523
Ba5Ta4O15,mp-504554,29.055284760000003,4.3367,56453.348,54180.422,56453.348
Sr2GeSe4,mp-30293,10.682989493333332,2.8669,56476.106,53148.209,56476.106
InCuS2,mp-22736,30.30110467,1.2044999999999997,55434.005000000005,57823.637,57823.637
Cs2Na3InO4,mp-504852,9.965218246666666,3.7062,58297.495,34591.331,58297.495
TaSe3,mp-29652,1.0208345133333334,0.0,58439.791,56888.835,58439.791
Na(V3S4)2,mp-1221427,28.513614806666663,0.0,55929.684,58845.746,58845.746
Sr3Zn3Te(PO7)2,mp-1190181,10.675965666666666,4.8484,59742.346000000005,52211.397,59742.346000000005
Cs2CO3,mp-616458,6.891200986666666,5.1627,61324.892,55510.454,61324.892
BaVAsO6,mp-17264,11.978103636666669,3.8628,61417.642,49776.782,61417.642
PtO2,mp-1285,19.52969544,2.0625,59496.53,61620.204,61620.204
LiAlS2,mp-1106183,6.796771206666666,5.314,61645.529,60089.106,61645.529
LaSbO4,mp-1190427,14.159777756666667,4.7913,62169.057,56040.748,62169.057
Nb3Ag2TeS6,mp-1220648,2.6501211600000003,0.0,64361.941,64054.501,64361.941
Rb2Ti(CuS2)2,mp-7129,8.080517856666667,2.6098000000000003,65512.653,64359.935,65512.653
Rb2Mo3SeO12,mp-1198721,20.676114726666672,3.5472,68376.584,52675.693,68376.584
Ba2HfS4,mp-9321,28.770230986666665,1.5611000000000002,68146.843,70918.92,70918.92
BaSr2Mg(SiO4)2,mp-1019558,15.36563276,6.716199999999999,73678.824,73119.026,73678.824
Ba4Sb2O9,mp-801028,20.64590497,4.574999999999999,76424.587,72292.732,76424.587
Ba4Li(SbO4)3,mp-7971,24.71076091,3.2659,76533.591,76012.25,76533.591
Rb2Pt3S4,mp-4030,10.368325996666666,2.5003999999999995,72359.219,76821.177,76821.177
KSbS2,mp-11703,13.944621796666668,2.1185000000000005,77022.894,76906.754,77022.894
VCu3Se4,mp-21855,9.38013851,1.707,74639.569,77386.552,77386.552
NaV3O8,mp-752972,18.296542700000003,2.8488,78144.093,66871.065,78144.093
Sr2NbInO6,mp-20222,21.415335630000005,5.0375,78239.36,74810.315,78239.36
Sr2YTaO6,mp-12355,23.70255513,5.4836,78454.469,73832.831,78454.469
FeSe2,mp-760,34.38894959,1.6288999999999998,75584.591,78463.93400000001,78463.93400000001
NaTlO,mp-1220867,12.754556360000002,1.7327,79162.28899999999,79439.306,79439.306
Ir3Se8,mp-9888,1.0714915833333334,0.0,80801.158,79086.668,80801.158
Ba3Ta6(Si2O13)2,mp-6169,30.934385903333336,4.5927,80857.648,68250.994,80857.648
Ba3BPO3,mp-9712,14.306116866666668,2.232,82055.51000000001,80730.37400000001,82055.51000000001
Cd2GaAgS4,mp-6356,9.59023576,2.2507999999999995,84642.209,79955.51699999999,84642.209
Cu2SnHgS4,mp-1025467,546.2370289933333,0.7037000000000004,83607.008,86301.689,86301.689
Ba2AlInO5,mp-556282,16.624340296666666,3.3959,86545.235,84464.231,86545.235
La2Zr2O7,mp-4974,26.67566831,5.9076,85024.76000000001,87304.59700000001,87304.59700000001
KAuO2,mp-997002,6.957115793333333,3.2193,88429.01999999999,89400.22099999999,89400.22099999999
Cs3VSe4,mp-1120763,6.72006864,2.5664,90178.048,89986.29699999999,90178.048
Rb(MoS)3,mp-8117,2.8375887100000003,1.7029000000000003,90216.399,87881.034,90216.399
Na3Sr(BO2)5,mp-6775,6.897001563333335,6.3814,93783.024,61097.643,93783.024
AgHg2AsO4,mp-558188,12.388417123333332,2.4737,94236.331,92945.065,94236.331
BaCeO3,mp-3187,24.419363623333336,4.1549,95775.028,92902.454,95775.028
Zr4Cd(PO4)6,mp-541299,9.166867806666668,5.943,95899.202,78176.03,95899.202
Na4As2O7,mp-27197,5.6476010966666665,5.1409,97009.954,86605.307,97009.954
Nb3GeS6,mp-867739,1.4839112566666668,0.0,99387.674,98164.742,99387.674
K3AlO3,mp-9157,7.795722230000001,4.6582,101106.841,99896.568,101106.841
NaBe4SbO7,mp-8075,9.555464483333337,5.4609000000000005,103652.356,100181.528,103652.356
Ga2PbO4,mp-20496,10.88857027,4.691,106012.1,104638.85,106012.1
Ba3SrSb2O9,mp-555078,15.310921993333336,5.0117,106408.197,74645.537,106408.197
RbGa3S5,mp-558706,8.319958833333333,3.8674,107228.3,92148.839,107228.3
La3CuSiSe7,mp-568082,14.96303385,2.3761,107590.06,103218.775,107590.06
Rb2Cd(PSe3)2,mp-541897,8.68166428,2.8935000000000004,108452.988,101265.443,108452.988
Ni3(BiS)2,mp-642190,1.0298227,0.0,108459.519,107837.479,108459.519
Cu2SnHgSe4,mp-16566,1.45465066,0.2926000000000002,103635.88,108505.234,108505.234
Na2CdSnS4,mp-561075,7.4884764,3.044,110320.339,106124.396,110320.339
LiSb(PO3)4,mp-504353,10.537255053333332,6.1566,111618.352,97121.526,111618.352
Tl6TeO6,mp-8387,17.67341430333333,2.1249,112135.652,111568.799,112135.652
La5Pb3O,mp-1223153,8.408522566666665,0.0,112682.567,110275.705,112682.567
KLi2BO3,mp-558628,8.276853476666666,5.999899999999999,114901.079,111556.695,114901.079
K2HgS2,mp-28859,7.549453963333333,3.2427,118387.851,115062.737,118387.851
Ca2PbO4,mp-21137,13.058541989999998,2.7223,119025.675,118252.969,119025.675
Na2SeO4,mp-5141,5.601928936666666,5.4031,116136.68,120386.812,120386.812
CsK2Sc(PO4)2,mp-8564,10.419547843333334,6.232,120948.971,120433.231,120948.971
TaTl(GeO3)3,mp-540634,14.051727710000002,5.1273,121203.832,116372.283,121203.832
RbLaS2,mp-9361,11.984639606666668,3.4994,122154.645,121205.653,122154.645
Rb6Te2O9,mp-31039,6.764951099999999,2.6277,122438.185,97603.226,122438.185
Tl3VSe4,mp-1025549,21.53371078,2.3913,123406.265,123145.014,123406.265
Na4Sn3S8,mp-29626,11.416755503333334,2.8546000000000005,125055.52,114699.291,125055.52
NaLi2AsO4,mp-9066,5.868658456666666,5.925,126909.86,123931.205,126909.86
TaV(Cu3S4)2,mp-1217849,7.338131166666667,2.26,124301.141,127097.373,127097.373
K(TeO3)2,mp-561973,16.628951606666668,2.1772,130464.018,117855.673,130464.018
Na2ZnO2,mp-29488,8.917289436666666,3.0673,130415.101,130842.31,130842.31
Bi2Ru2O7,mp-23445,593.60022933,0.1627,130638.332,131850.31699999998,131850.31699999998
Rb2Ga2Ge3O10,mp-1186921,6.55462902,5.2333,133677.693,75796.80900000001,133677.693
Cs4Sr(SnSe3)3,mp-1181839,8.677405986666665,2.623,134373.685,124355.639,134373.685
La2Sn2O7,mp-4086,15.27398111,4.416900000000001,134101.35,136686.58299999998,136686.58299999998
Cd2SiO4,mp-4530,10.486137063333334,3.221,126074.346,139533.688,139533.688
Cs2NaVO4,mp-19447,7.355026793333334,5.4295,139585.856,135389.78100000002,139585.856
Li2SiSnS4,mp-1021497,34.39385807,2.5063,138718.587,139622.964,139622.964
Rb3NbS4,mp-3719,7.126381936666666,3.3847,139639.548,134740.805,139639.548
KBaNbS4,mp-16780,11.149577583333334,2.9041,140675.32799999998,133057.549,140675.32799999998
KGeBiS4,mp-866646,3.2094650233333333,2.826,140845.93,134648.98200000002,140845.93
NaLa(SeO3)2,mp-559903,11.158925696666667,5.0122,141378.353,121049.217,141378.353
Cd(PtO2)3,mp-8212,16.98543508666667,1.4692999999999996,142091.878,143637.04200000002,143637.04200000002
Na2GaPCO7,mp-768120,5.999698033333334,6.0345,150687.93099999998,145111.461,150687.93099999998
RbYS2,mp-999265,11.475101296666669,3.251,150461.637,150768.525,150768.525
Na6ZnO4,mp-7664,8.355139463333332,3.1086,150769.505,149048.234,150769.505
NaAsSe2,mp-984519,13.66249386,1.9596,151803.231,133715.224,151803.231
BaZnO2,mp-4236,12.360480393333331,3.9592,153860.709,152432.026,153860.709
CsBaVS4,mp-1192754,9.221752086666667,2.4114,154450.932,145390.99099999998,154450.932
Ta2CdO6,mp-1208442,16.659603726666667,5.5841,155375.786,147529.419,155375.786
Sn2(SO4)3,mp-768950,6.815874413333333,4.2583,155576.054,143428.309,155576.054
K2Ag2GeSe4,mp-1188845,10.660588156666668,1.9453,152936.55800000002,156235.744,156235.744
TaPbS2,mp-20985,1.93075448,0.0,156394.49300000002,156442.037,156442.037
Sn(HgSe2)2,mp-10955,21.23683001666667,0.9501,157003.727,153560.12099999998,157003.727
K2Mg(CO3)2,mp-8127,7.719803336666667,6.0769,157714.758,157947.992,157947.992
Ag3AuSe2,mp-3172,28.15730024,1.0188000000000006,159280.511,158717.234,159280.511
Na3PSe4,mp-1078419,8.63700884,1.9765,159434.675,159610.925,159610.925
Na7Al3O8,mp-556168,7.22770030333333,4.452,159926.872,143408.657,159926.872
CsPSe6,mp-1225967,12.411588393333332,2.1823,162535.977,140375.642,162535.977
Nb3RhSe6,mp-1189225,1.2702334566666666,0.1218000000000003,163334.372,161449.843,163334.372
Li6Hf2O7,mp-772185,15.483773759999998,5.9889,164143.928,157773.707,164143.928
Ca2SnO4,mp-4747,11.514732166666668,4.4686,162887.04200000002,164366.248,164366.248
Rb(SbSe2)2,mp-9798,21.88020527333333,1.5945999999999998,167135.48,163821.83,167135.48
KLiSO4,mp-6800,6.53745404,7.2686,167732.056,165941.809,167732.056
Cs2O2,mp-7896,6.795804296666667,3.3685,165288.081,167804.069,167804.069
LiYO2,mp-7020,12.538856336666663,5.8887,167846.44,159267.811,167846.44
NaNb3O8,mp-623854,7.862891413333333,3.9474,167157.109,169023.913,169023.913
Cs(TeO3)2,mp-561786,21.264205163333333,1.5801000000000005,170347.702,169284.618,170347.702
Na2Ge2S5,mp-18568,9.134791916666668,3.675,170580.47,155361.41700000002,170580.47
K3Nb2Ag3S8,mp-581115,11.07957804,2.8369,171524.694,154617.761,171524.694
CsAgO,mp-8666,7.204046416666667,2.7547,171604.162,171633.434,171633.434
BaCrO4,mp-18571,12.521488933333334,4.2748,172847.699,170040.694,172847.699
NaTaGeO5,mp-6066,24.034624256666664,5.0734,172958.91,172816.245,172958.91
LaZnPO,mp-7060,23.341925950000004,1.4139,173735.286,172780.434,173735.286
Sr3LiSbO6,mp-1190151,13.36449683666667,5.1133,174298.243,173961.605,174298.243
TlInSe2,mp-22232,19.9540865,1.5842999999999998,175767.66,175166.235,175767.66
La(Mo3S4)2,mp-1103974,6.51391706,0.0,178130.842,177729.024,178130.842
LiTaSiO5,mp-560297,15.903935996666668,5.5287,178443.113,165249.369,178443.113
Sr2SiS4,mp-1104926,15.75250158,3.9672,178550.746,176242.109,178550.746
La2SnS3O2,mp-560740,16.820910753333333,2.7197000000000005,179359.15,173290.536,179359.15
Na3AsS3,mp-5830,9.54088827,3.4415,179476.795,175407.186,179476.795
Ta4AgS8,mp-1218056,2.658478866666667,0.0,180336.728,175608.5,180336.728
Cd(InSe2)2,mp-22304,10.631595356666663,1.8162,181793.245,178794.533,181793.245
Na2TlPCO7,mp-756769,7.1552476233333335,2.97,184823.819,180801.887,184823.819
Ag3O4,mp-1605,1.0421733466666667,0.0,182095.477,184880.936,184880.936
RbSbO2,mp-10418,8.71661963,3.1771000000000003,184041.011,185235.092,185235.092
KPO3,mp-5039,6.324569976666668,6.9738,185442.544,167655.216,185442.544
Li8SnO6,mp-4527,11.242453356666667,5.8279,187633.674,184030.369,187633.674
Sr2ZnGe2O7,mp-17392,8.96778868,4.9561,190307.006,183171.937,190307.006
CaMg(SiO3)2,mp-6766,8.094570983333334,6.953600000000001,191176.414,189213.566,191176.414
Bi2S2O,mp-1078366,69.77798212333333,1.3568999999999996,193678.368,193112.731,193678.368
ZrV2O7,mp-554326,15.61822502,3.8509,195448.142,186504.378,195448.142
Mg(AlS2)2,mp-3872,10.101547786666668,4.1125,196402.301,192618.573,196402.301
Ca4LaB3O10,mp-6076,9.99836052,6.1241,199077.029,186619.189,199077.029
Rb3SbS4,mp-17154,7.102645083333334,3.2339,200782.422,197684.185,200782.422
K3SbO4,mp-10543,8.67399681,3.6425,202311.491,201578.453,202311.491
KGe2BO6,mp-556463,7.41892073,5.5675,208834.622,200688.742,208834.622
InSbO4,mp-1212067,11.153131513333332,2.7398,208383.975,210311.78,210311.78
PtS2,mp-762,23.82641576,0.7321,209646.823,210930.78,210930.78
KCd(PO3)3,mp-1211746,6.515256823333333,6.2287,213384.895,210631.933,213384.895
Ge(PbS2)2,mp-560370,19.007016546666662,2.7431,213687.787,203157.215,213687.787
Cd3Se3O10,mp-542117,9.19642435,4.901800000000001,215807.406,203220.405,215807.406
Rb3Al2(PO4)3,mp-560459,5.335011606666667,6.2531,216002.521,191221.979,216002.521
PPdSe,mp-3123,17.29167543333333,1.6456,218333.91,215229.519,218333.91
RbInS2,mp-601861,9.508183703333332,3.3344,219821.724,202609.88,219821.724
BaPdS2,mp-4009,23.741276060000004,1.2464000000000004,221198.696,221422.139,221422.139
NbBiO4,mp-555100,49.59741224333332,3.4247,222067.547,214187.842,222067.547
Sr4P2O,mp-8298,28.983868386666664,1.8793,224485.534,224630.827,224630.827
K2Ta4O11,mp-1195471,35.638680406666666,4.9021,224336.262,225144.818,225144.818
LaCuTeS,mp-10288,22.44840157333333,0.9811000000000004,222256.347,225284.056,225284.056
ScPS4,mp-6999,8.663419996666669,2.9168,226023.334,225085.505,226023.334
Na3PS3O,mp-11738,7.771875703333333,4.1395,226729.796,225585.995,226729.796
K2VCuS4,mp-15147,8.619612053333334,2.3811,226223.704,227408.716,227408.716
KNbO3,mp-7375,48.34513985000001,3.4047,229546.608,228841.994,229546.608
LaSc3(BO3)4,mp-6217,14.208657886666668,6.5174,230741.968,206488.166,230741.968
Nb6TlS8,mp-1220483,2.1900871066666667,0.0,231607.881,227804.66,231607.881
NaCuO,mp-7469,6.692797723333333,2.6648,227214.61,231686.923,231686.923
VCu3(SeS)2,mp-1216363,8.719923613333332,1.7709,229879.481,232523.454,232523.454
CsTi3P5O19,mp-561121,11.920784316666666,4.6049,232878.1,212810.471,232878.1
Rb3SbS3,mp-1193319,7.5468768,3.5697,237230.887,233779.697,237230.887
Na2Si2Se5,mp-18562,8.043113533333333,3.4655,237520.877,232183.487,237520.877
CaV2O6,mp-27624,10.27857532,4.2679,237280.266,237922.915,237922.915
Tl2GeS3,mp-7277,23.04884097666666,2.2576,239150.789,235218.117,239150.789
NaNbSe2,mp-7939,13.902626893333332,0.9951999999999996,241705.062,241341.612,241705.062
Li2CuP2O7,mp-6412,5.03368464,4.097,246702.985,239995.369,246702.985
K6Co2O7,mp-19141,9.22114548,2.7792,246812.791,229705.787,246812.791
NaSr3TaO6,mp-13042,15.739566893333333,5.541600000000001,248505.031,243570.543,248505.031
Ba3MgTaNbO9,mp-1228058,28.31792766,4.3593,248149.447,249297.349,249297.349
S,mp-96,4.406266946666667,3.4432,249863.486,238193.549,249863.486
BaCuS2,mp-1147715,12.350730366666667,0.0,251906.042,251946.087,251946.087
CaRuO3,mp-20947,3.3691456066666667,0.0,237028.555,252187.555,252187.555
Na2ZrO3,mp-990440,13.421799303333332,6.240200000000001,252690.117,250476.427,252690.117
Nb3(BiS3)2,mp-28868,1.13280191,0.0,254837.048,253998.891,254837.048
NaScS2,mp-999460,15.345018446666668,2.7873,254183.458,255471.234,255471.234
K3Na(SeO4)2,mp-17839,7.005506986666667,5.688000000000001,255566.043,241955.259,255566.043
NaSr3SbO6,mp-10461,11.683111206666666,4.8254,256880.188,254709.806,256880.188
Na2Hg3S4,mp-505121,14.2375486,2.3042,259267.599,249848.981,259267.599
Na2Se,mp-1266,6.23537003,3.0254000000000003,259573.906,259686.504,259686.504
BaAl2B2O7,mp-9844,5.600699386666667,6.3689,261446.693,260156.475,261446.693
TlV2AgO6,mp-18853,12.058794866666666,3.0478,265282.879,259290.588,265282.879
Na4SeO5,mp-29871,8.091234636666671,3.229,265829.35,240826.423,265829.35
Cs2LiVS4,mp-510338,6.425731446666667,2.6193,271391.324,270455.685,271391.324
Hf2Se3,mp-1224485,1.0026684366666667,0.0,272420.658,260627.011,272420.658
Cs3PSe4,mp-583193,6.5764774500000005,2.9957000000000003,274654.18700000003,267570.848,274654.18700000003
Na4Si2PbSe6,mp-1221146,11.026128736666667,2.9304,277821.974,273932.975,277821.974
SrLaTl(AsO4)2,mp-685195,18.47624035333333,5.3332,279815.126,242776.577,279815.126
AlAgSnSe4,mp-1228963,10.892111843333334,1.9732000000000005,280381.259,279798.868,280381.259
La5Pb3S,mp-1188606,5.558088823333333,0.0,278872.465,280914.699,280914.699
Ti7S12,mp-673657,1.4814354133333332,0.0,283390.064,251805.826,283390.064
Co3S4,mp-943,3.11122614,0.0,279623.971,284619.364,284619.364
Cs8Ta6O19,mp-542069,7.368141053333334,5.172,284734.292,265645.082,284734.292
TlPd2Se3,mp-7038,1.9001261466666663,0.0,285237.363,285531.84,285531.84
TaTl3Se4,mp-10644,18.8394513,3.2535,286067.497,285929.46400000004,286067.497
KSnAsS5,mp-554119,9.591627453333334,2.6818,286089.167,280035.906,286089.167
Cs(MoSe)3,mp-1104663,7.460182306666667,1.3719,286552.103,285230.924,286552.103
Ni3Se4,mp-1120781,1.05669564,0.0,285755.389,286595.408,286595.408
La2ZrSe5,mp-1200409,21.15018463,1.4254999999999995,287624.09,278300.137,287624.09
Tl3Ga9S13O2,mp-556717,18.26243893333333,3.182300000000001,288544.754,275587.536,288544.754
Tl3PO4,mp-5709,12.212557973333332,3.4283,290625.49100000004,287667.299,290625.49100000004
Ni2RhS4,mp-675691,1.5531953066666668,0.0,290894.252,288991.698,290894.252
BaGeS3,mp-1195469,11.029695116666666,3.5351,293350.898,260431.299,293350.898
TlPS3,mp-8249,20.436211983333333,2.6619,294495.343,292708.337,294495.343
Ni3S2,mp-362,1.02010802,0.0,295412.993,295325.435,295412.993
Na2Ti2Sb2O,mp-6328,8.351145636666665,0.0,296736.4,296271.777,296736.4
Rb2SnO2,mp-27931,7.750631046666667,3.1082,299180.85,296858.262,299180.85
Rb2Sr(PO3)4,mp-1209338,5.42510681,7.5429,299295.262,294438.184,299295.262
Li2SiO3,mp-5012,6.315479523333334,7.1124,301542.277,301620.083,301620.083
Cd2BiAsO6,mp-556653,13.792674313333332,3.166300000000001,301633.79,301054.897,301633.79
NaSbSe2,mp-1220879,35.95617622,1.306,303009.081,302828.825,303009.081
K3VSO3,mp-561048,7.569330533333333,4.1759,303438.912,297646.943,303438.912
Rb3(Cu4S3)2,mp-562230,5.929514610000001,0.0,303612.834,289192.38,303612.834
La3TaO7,mp-31415,43.75547499,4.901900000000001,301517.98,303788.444,303788.444
Si2P3RhO13,mp-1219334,4.918444490000001,4.4538,304639.108,292847.75,304639.108
Li3AuS2,mp-15999,9.90574849,2.8484,305766.073,301797.095,305766.073
Ba3InIrRuO9,mp-1228718,20.96245584,1.266,307740.882,301428.218,307740.882
Cs2ZrSe3,mp-9856,9.272963423333334,2.1309,308322.375,306387.258,308322.375
CsYCdSe3,mp-11116,10.915852276666667,3.2091000000000003,309427.834,303431.094,309427.834
In5CuSe8,mp-1212167,14.52942329,1.068,311530.635,310621.934,311530.635
La4Ti3(SO2)4,mp-1223217,15.69888249333333,2.0857,312351.462,207317.084,312351.462
K2Li14Pb3O14,mp-504806,253.56882983666665,3.4295,313558.086,295441.862,313558.086
BaSi6N8O,mp-557414,12.59160982,5.635599999999999,313767.828,311920.366,313767.828
SrTa2O6,mp-17715,34.789338603333334,4.772500000000001,317482.328,316667.599,317482.328
Na2Zn2Si2O7,mp-6507,6.7618378366666665,5.3014,317673.409,313409.254,317673.409
La2Pd2O5,mp-560340,18.644530166666662,2.9415999999999998,312348.633,317918.709,317918.709
Zn(GaS2)2,mp-5350,9.154661583333333,3.6226,318985.531,319373.086,319373.086
NbTlTeO6,mp-1220473,27.67751367333333,3.6931,320097.179,314913.627,320097.179
NaHf2CuSe5,mp-571189,25.43677818666667,1.1818999999999995,320123.667,316183.006,320123.667
Rb3NbO8,mp-9808,7.59065039,4.4787,322905.467,321093.537,322905.467
Hf2SN2,mp-1017567,21.946723913333336,1.7374,323104.117,323571.05,323571.05
K2Al2Sb2O7,mp-554959,7.9018246066666675,4.7004,322151.907,323697.47,323697.47
Li3SbO4,mp-5769,12.801070646666666,4.9321,325670.591,322668.848,325670.591
Sr2Sb2O7,mp-4103,13.4370829,3.2016,325895.844,322708.96,325895.844
KAl(MoO4)2,mp-19352,6.208348093333333,5.4527,329651.2,329861.742,329861.742
NaAu(SO4)2,mp-561190,7.625006113333333,3.5539,330635.122,325272.074,330635.122
RbZnB(PO4)2,mp-557658,5.906330693333334,6.9763,331991.727,320331.774,331991.727
KPPdS4,mp-866637,8.161941606666668,2.7157,332102.298,330145.05,332102.298
Bi3SbO7,mp-30304,37.19550537333335,3.2688999999999995,333709.668,327284.985,333709.668
Na2ZnSiO4,mp-6391,5.851309426666667,5.0628,333836.172,329278.224,333836.172
CdMoO4,mp-19039,14.727592946666666,3.8003,332689.039,334805.709,334805.709
ZnSi(AgS2)2,mp-1189914,9.229192746666666,3.0824,336469.255,331815.518,336469.255
NaZrCuS3,mp-9107,34.37795756333333,1.3900999999999994,336405.957,337148.873,337148.873
Sr2GeO4,mp-542085,11.590267270000002,5.5348,338321.644,323682.753,338321.644
SnS,mp-2231,34.085052296666674,1.0221999999999998,337182.692,338324.578,338324.578
CsIn5S8,mp-22007,14.84710045,2.4303,339321.34,331058.002,339321.34
Ba2NaO,mp-1019519,46.79572055333333,0.0,339435.154,339292.807,339435.154
NaInO2,mp-5175,9.88995968,3.5495,336758.013,339795.456,339795.456
K2Se,mp-8426,5.3256007,3.092,340415.92,340666.674,340666.674
Bi2Se3O10,mp-1193554,17.471134726666666,4.7288,341867.203,333199.387,341867.203
ZrGeS,mp-4997,7.814643053333333,0.0,341869.21,341967.354,341967.354
RbCuO2,mp-7467,6.117680936666668,2.9969,338423.787,342465.285,342465.285
Na2(TaSe2)3,mp-1221424,14.973641896666669,0.0,343552.271,320042.947,343552.271
CuRhO2,mp-14116,13.44418697,2.3225,340374.743,344868.081,344868.081
TaInSe2,mp-999136,1.332713533333333,0.0,345366.957,345563.972,345563.972
Ba2MgSi2O7,mp-9338,7.446801556666666,6.268,347582.557,344738.484,347582.557
Cs3NaLi2(BO3)2,mp-607931,7.384468036666668,5.3740000000000006,349216.472,335177.721,349216.472
Rb3PS4,mp-16863,6.960243966666667,4.0961,349817.661,346460.441,349817.661
Na2Ga2Se3,mp-1173753,10.433505276666668,2.2009,350193.439,346844.975,350193.439
Nb2TlPS10,mp-560847,2.422593496666667,2.3096,355215.073,340514.086,355215.073
SrCuO2,mp-5787,6.550074156666667,0.0,349552.144,355352.535,355352.535
CsInS2,mp-559459,8.508476826666666,3.4223,357502.574,340126.886,357502.574
Ba4PdO6,mp-782050,16.3088867,2.8643,357630.202,356751.183,357630.202
Na2Si2O5,mp-16970,4.8428967966666665,6.2463,357948.445,353451.369,357948.445
CsOsNO3,mp-561383,5.154745496666667,4.111800000000001,358178.938,353500.069,358178.938
BaNbO3,mp-3020,13.39174054,0.0,359229.288,359748.046,359748.046
BaSnO3,mp-3163,18.39234442,2.5453,360130.674,360636.099,360636.099
Na14Cd2O9,mp-27559,7.482468473333332,2.8462,364196.348,360044.445,364196.348
K(FeS)2,mp-1070151,4.126873876666666,0.0,361848.328,365606.366,365606.366
Sc2Pt2O7,mp-778152,18.66616322,3.5891,363788.663,365624.465,365624.465
Na3BS3,mp-29976,10.331087033333333,3.6493,371756.81,371224.791,371756.81
NaGe2(PO4)3,mp-542919,7.673453226666666,6.2437000000000005,373113.181,367262.044,373113.181
Sr2Ti6O13,mp-540640,17.377621360000003,0.0,376086.569,354546.275,376086.569
NbNO,mp-7596,29.812501696666665,2.589,374343.92,378986.158,378986.158
Cs2AgAsS4,mp-561622,7.546579923333331,2.6507,379799.136,378215.678,379799.136
KTi2(PO4)3,mp-541238,14.402296293333334,4.3095,382205.213,374005.298,382205.213
Sr3LiIrO6,mp-6071,25.029967186666667,0.5052999999999996,384247.584,384859.764,384859.764
Sr4LaTi5O15,mp-1218562,20.877376456666667,0.0,386555.254,369667.817,386555.254
SrHgO2,mp-978857,7.086894486666666,3.9258,388476.074,389895.929,389895.929
CsSb(PO4)2,mp-554822,6.0091521766666665,4.8965,392246.017,392302.145,392302.145
Ba3In(BO3)3,mp-866313,9.979900616666669,5.5205,393028.823,391148.866,393028.823
Rb2NaNb6(PO8)3,mp-677731,42.38714298333333,3.657,394157.706,354280.567,394157.706
Rb2Li2GeO4,mp-8450,7.917384896666668,5.3046,394971.79,387070.231,394971.79
K2Pd3S4,mp-9910,13.99411796,2.3536,377210.766,396660.374,396660.374
Te2SO7,mp-4906,12.32535977,4.8947,403167.461,398748.207,403167.461
In2S3,mp-22216,11.607045886666668,1.978,394904.976,403430.592,403430.592
Sr2Al2SiO7,mp-1218879,7.62135378,5.9649,405338.854,398348.854,405338.854
Hf2Bi2O7,mp-35799,41.70295206,3.9951,405530.485,386373.527,405530.485
NbAlO4,mp-27927,12.050313966666668,4.908799999999999,404402.636,406186.196,406186.196
KAg2AsO4,mp-12015,5.969147043333334,1.6144999999999996,404402.633,406428.891,406428.891
NaNb4Bi5O18,mp-1221019,61.65668997666667,3.6887,411567.659,380878.875,411567.659
Rb2MoSe4,mp-1193232,8.189903323333333,1.541,412319.763,407081.206,412319.763
HgAsO3,mp-30284,12.177505213333331,2.7933000000000003,412827.684,413144.272,413144.272
Ba2SnO4,mp-3359,16.185762456666666,4.3327,415093.781,414573.617,415093.781
Sn5(PO5)2,mp-560715,8.969219720000002,3.4714,415139.204,390259.366,415139.204
BaZnP2O7,mp-14345,8.27239886,6.482,415678.379,413090.104,415678.379
NaMg2V3O10,mp-555794,8.770444613333332,4.2142,416704.305,396739.722,416704.305
Na6S2O9,mp-16180,4.93262158,4.6494,416838.413,415990.51,416838.413
Cs3B3Se10,mp-1196535,6.991783976666668,2.7661,417760.092,401872.614,417760.092
Y3SbO7,mp-981511,19.957087530000003,4.6953,419366.73,417390.537,419366.73
Cd4P6SN12,mp-8921,8.83911925,4.5723,420469.787,418839.904,420469.787
K2PtS2,mp-7928,12.155795213333333,2.4264,420017.685,420690.794,420690.794
GaCuS2,mp-5238,10.908837276666668,2.1963,419000.254,422682.414,422682.414
CsBa2Nb3O10,mp-505814,60.51210331666667,2.5117,423113.556,420589.991,423113.556
Ba3(TaS4)2,mp-29354,28.740814006666668,1.2156999999999996,425854.187,406224.922,425854.187
Rb2SO4,mp-3372,6.02662152,7.161200000000001,426188.386,416509.822,426188.386
CS14,mp-27814,4.927965133333333,3.5944,426873.43,426741.671,426873.43
Na3(CuS)4,mp-27321,16.71478669333333,0.0,427753.973,426841.415,427753.973
SrLiBO3,mp-10814,8.408638690000002,6.3419,432007.834,422941.071,432007.834
TaS2,mp-1984,1.0497220533333331,0.0,431704.91,432370.098,432370.098
Ir2S3,mp-861979,19.780745346666667,2.0340000000000007,431461.038,433957.257,433957.257
Mg2Te3O8,mp-769077,12.53857457,4.7158,434229.76,423632.228,434229.76
CaPS3,mp-9789,10.213100656666668,4.2092,435667.311,429516.815,435667.311
Zn(InSe2)2,mp-22607,10.764887223333332,1.9027,436062.638,437806.465,437806.465
Co2HgO4,mp-770995,23.230432713333336,2.6472,430492.21,440278.168,440278.168
TlBO2,mp-28244,28.722872156666664,3.948,442464.207,437342.433,442464.207
RbMgPO4,mp-975103,6.25792058,6.3347,442572.177,436750.555,442572.177
KBi(PS3)2,mp-557437,26.15564681,3.1268,452429.856,448312.873,452429.856
ZrS,mp-7859,5.838922756666666,0.0,453629.427,454843.422,454843.422
Li3TaO4,mp-3151,16.429983813333333,6.1536,459238.331,446911.963,459238.331
Hf9Mo4S,mp-1194092,1.0395256666666666,0.0,460952.73,459172.929,460952.73
Ba4Sc2Cu2O9,mp-1228084,20.53366647,1.5917,420017.659,462731.568,462731.568
TlIn3S5,mp-572596,25.06659094,2.3915000000000006,465047.877,445395.784,465047.877
As2Pb3O8,mp-505368,16.205666513333334,4.7175,465943.474,456701.96,465943.474
SrMo2Se2O11,mp-1200408,10.360194756666663,3.8637,467654.146,445109.269,467654.146
Sr(ScS2)2,mp-17678,17.96067564333333,2.2377,467704.196,466857.815,467704.196
Cs2Pb2O3,mp-1213706,8.70726708,2.9645,468701.903,467690.959,468701.903
KGa(SeO3)2,mp-1203541,12.513649686666668,5.0898,470487.815,461285.449,470487.815
CdS2,mp-1095440,13.85495827,2.48,471832.281,473247.279,473247.279
PdSe2O5,mp-4649,7.228380026666667,2.9393,474351.733,472037.162,474351.733
Na2HgS2,mp-28858,8.122006756666666,3.331,474457.385,472729.308,474457.385
Li2TiGeO5,mp-13182,12.223692859999998,5.558,474794.435,472703.213,474794.435
Li2CeO3,mp-754534,20.644535126666668,4.41,474881.576,477161.292,477161.292
Ag5PSeO4,mp-1191916,1.5706034933333335,1.4183000000000003,477091.284,478534.319,478534.319
KVO3,mp-18815,8.1400895,4.3845,477605.82,480437.342,480437.342
TeO2,mp-2125,17.664391446666666,3.147,484317.468,482716.135,484317.468
Cs2SiSe4,mp-637251,6.3388077266666665,2.953,485157.762,482639.073,485157.762
Ca2GeS4,mp-540773,8.35715976,3.7539,488284.027,474848.05,488284.027
CdIn2O4,mp-19803,10.18345293,2.5232,489500.29,489954.301,489954.301
V2SiPb5O12,mp-1217159,16.017129576666665,3.5603,494281.038,448426.737,494281.038
Rb2SbAuS4,mp-556894,8.418966003333333,2.3982,495652.46,493172.463,495652.46
Rb3CuO2,mp-28568,7.328001093333334,3.1688,497451.333,487681.89,497451.333
La2InCuS5,mp-1224037,19.40968447,1.9109,497474.856,486834.62,497474.856
Rb2In4O7,mp-27563,12.367123286666663,3.0289,496584.231,497582.032,497582.032
LaTl2P2S7,mp-1190334,19.64632968,3.1586000000000003,498358.886,480503.69,498358.886
Ba2ScNbO6,mp-1206644,47.10114396,4.0765,498743.21,499319.069,499319.069
K4Na2TeO6,mp-557698,9.09260986,3.9839,501125.418,492206.516,501125.418
Ge(TeO3)2,mp-554142,9.604421303333332,5.058,504526.053,501354.208,504526.053
K2Si4O9,mp-558603,5.704591856666669,6.2125,505659.773,486344.756,505659.773
La2HfSe5,mp-1197516,21.16543936333333,1.4345999999999997,508658.232,497282.255,508658.232
Rb6Si2O7,mp-18483,7.073411123333332,4.949800000000001,510456.849,499802.061,510456.849
Sn2Rh3S2,mp-1078054,1.9004786066666668,0.0,505981.241,510800.568,510800.568
TlSbO3,mp-557787,10.567354876666666,3.2524,514227.779,512804.234,514227.779
TlSb(PSe3)2,mp-1105142,20.844469733333334,1.9806000000000004,514329.445,507843.013,514329.445
NaTiAsO5,mp-1201259,17.804067843333335,4.5518,522227.596,509946.408,522227.596
La2TiO5,mp-18051,21.905855506666665,5.0985000000000005,506275.534,522798.493,522798.493
Na2ZrSi2O7,mp-558191,10.168690773333331,6.4481,523268.738,511085.092,523268.738
Cs3ScO3,mp-768976,9.190162136666668,4.3074,523775.253,516207.656,523775.253
Zr3Tl2(CuS4)2,mp-1207410,32.61770798333333,1.6075,524330.416,517285.528,524330.416
Rb2Sn3(SbS5)2,mp-1194540,12.380391080000004,2.6553,528244.105,514471.672,528244.105
La2MoO6,mp-19300,14.972536173333337,3.860499999999999,529175.228,478499.01,529175.228
RbSbMoO6,mp-1219606,16.869745223333332,3.880900000000001,531773.362,529132.9739999999,531773.362
CaSnO3,mp-4190,10.315694833333335,4.7426,532018.719,530885.297,532018.719
Nb2Tl4S11,mp-17803,17.23227169333333,1.8413,533267.02,506048.182,533267.02
Sr7Nb6O21,mp-541049,9.74977915333333,0.0,533403.844,470216.005,533403.844
RbV3O8,mp-16864,14.30930866,3.2097,536370.6329999999,526508.373,536370.6329999999
BaLa(BiS3)2,mp-555699,33.95796750666666,1.3315,537220.5009999999,515602.145,537220.5009999999
NbPbS2,mp-19746,2.151920103333333,0.0,537352.111,537687.772,537687.772
BaNaBO3,mp-6660,9.685717016666668,5.4885,537700.534,537270.054,537700.534
TeSeO4,mp-1539101,19.430720293333334,4.3454,538796.8119999999,531977.1780000001,538796.8119999999
Ba3SrIr2O9,mp-554266,14260.066877279998,0.3018,539829.561,527945.717,539829.561
K3SnSe3,mp-541875,9.38146482,2.597,541415.189,525571.495,541415.189
Ba3Sn2O7,mp-770846,16.549781423333332,3.4499000000000004,546147.2320000001,534131.6969999999,546147.2320000001
Sb2PbO6,mp-20727,12.233011036666667,3.2681000000000004,547144.486,547113.9029999999,547144.486
Sr2Bi2O5,mp-23357,9.777061423333333,3.1394,547911.49,540208.163,547911.49
BaYZn3GaO7,mp-1192369,16.32049067333333,4.002400000000001,548776.9180000001,543166.138,548776.9180000001
CsPS3,mp-504838,5.586683276666666,2.9646,549466.152,548637.811,549466.152
BiSbO4,mp-23018,22.79094230333333,4.1053,550566.363,550580.725,550580.725
HfGeSe,mp-7917,1.8799373333333331,0.1657000000000001,549962.744,550854.095,550854.095
Bi6P4PbO20,mp-505697,29.38298865333332,4.6812,550941.556,530481.939,550941.556
Sr2SnS4,mp-30294,10.816112926666667,3.6318,552762.071,549813.135,552762.071
P2PtO7,mp-29282,6.526248313333333,3.3042000000000007,556182.498,544779.075,556182.498
Cd3SiO5,mp-13820,13.937431403333331,2.4931,556789.201,556675.655,556789.201
CsLi5(BO3)2,mp-555082,7.47500533,5.2823,557111.67,542768.28,557111.67
SrSe2O5,mp-28346,7.952454073333333,4.6144,560683.107,544232.494,560683.107
Mg2SiSe4,mp-1192582,10.060036406666669,3.0733,561393.979,557563.94,561393.979
SrSe,mp-2758,10.34803899,3.1682,561569.986,561883.484,561883.484
CsBSe3,mp-573358,7.083018716666667,2.6841,561241.725,561935.144,561935.144
Ga10GePb3O20,mp-504827,12.350417196666664,4.2999,562247.258,545289.5,562247.258
Ba2TiS4,mp-17908,13.786206343333337,2.8764000000000003,562354.401,551166.022,562354.401
Na2Ca(Ge3O7)2,mp-1221459,10.782071236666669,4.6745,563039.617,546560.263,563039.617
Sc2TlCu3S5,mp-1209018,22.49619374666667,1.9831000000000003,563687.748,557304.601,563687.748
LiInSe2,mp-20187,8.112004833333334,2.6188,565970.417,564575.667,565970.417
CsSbTeO6,mp-1225923,10.446947673333334,2.3407,566598.401,564931.086,566598.401
NbVO5,mp-753993,1.829693426666667,3.0817,566700.059,558485.432,566700.059
Li4TiO4,mp-9172,7.897392543333333,6.393199999999999,567556.238,565883.965,567556.238
Ca4Al6CrO16,mp-1227669,6.57525201,4.2024,568630.094,564118.381,568630.094
HfSiO4,mp-4609,11.429535173333331,7.2766,568280.822,569146.572,569146.572
CaTeO4,mp-12221,9.19467302,4.0105,571462.472,568691.318,571462.472
Ba(IrO3)2,mp-674187,12.927787663333334,0.0,574210.956,561881.116,574210.956
Ba6Bi2(TeO6)3,mp-1228122,24.730470856666667,2.9465,574512.589,554807.931,574512.589
K3AsSe4,mp-1197539,8.808427096666668,2.1233,574785.447,571281.197,574785.447
Sr(GaSe2)2,mp-1104062,10.296970343333337,2.7382000000000004,576410.616,573870.361,576410.616
Tl3AsSe3,mp-7684,23.39492522333333,1.4058999999999997,578839.538,577430.66,578839.538
KSbO2,mp-10417,10.220318236666667,2.8558000000000003,578805.645,579137.528,579137.528
CdGe(BiO3)2,mp-555027,19.862774316666663,3.0584,579297.442,579094.074,579297.442
Ta2PdS6,mp-8435,1.467901116666667,0.1473000000000004,580162.327,578544.224,580162.327
TlGaS2,mp-4016,23.812817576666664,2.4382,580650.419,561987.886,580650.419
KYS2,mp-1006888,11.915691413333333,3.282,581722.24,580689.132,581722.24
NaSe2,mp-15514,10.31105158,2.087,582431.398,577886.69,582431.398
Mo2P2O11,mp-504196,10.013655776666669,3.1112,585086.003,574958.33,585086.003
Sr2TaInO6,mp-1078748,21.21324186,5.6769,585121.032,583663.381,585121.032
KY(PSe3)2,mp-571057,9.912680633333334,2.7821000000000007,585626.14,577092.417,585626.14
Ga2Se3,mp-1340,11.330864176666664,2.0971,586791.353,585839.024,586791.353
AlAgO2,mp-9631,10.503216023333334,2.971000000000001,586752.834,587149.708,587149.708
BaAu2(SO4)4,mp-1190864,5.39192299,3.6119,588076.092,584078.981,588076.092
Tl9BiSe6,mp-675989,64.73194877,1.1181,587811.648,588303.546,588303.546
CsSr2Ta3O10,mp-7181,26.364036693333333,3.3453,589387.871,586725.969,589387.871
CoSe2,mp-20862,2.800252673333333,0.0,579922.113,589740.943,589740.943
CaCd3O4,mp-760403,16.559329426666665,1.593,591152.289,591173.344,591173.344
TcO2,mp-33137,3.729725586666667,0.0,585756.376,591347.66,591347.66
Y2Ir2O7,mp-1191749,4.710720569999999,0.0,590966.883,591835.85,591835.85
BaBe2Si2O7,mp-12797,9.10931809,7.666300000000001,591863.831,585717.334,591863.831
Cs2SnSe3,mp-1103379,6.64294364,2.7941,592417.019,587475.809,592417.019
Mg2As2O7,mp-5618,16.710078666666668,5.1162,592433.063,592234.154,592433.063
Rh3Se8,mp-1407,1.29026482,0.0,595152.627,594581.452,595152.627
BaLi(BS2)3,mp-557892,7.015100540000001,3.8514,596049.973,586746.261,596049.973
NaTaO3,mp-3858,92.98772243666666,4.0913,597095.841,596674.141,597095.841
Y2Se3,mp-1105821,15.852292516666664,2.04,584358.029,598452.344,598452.344
Ba2LaNbO6,mp-553281,37.10299884,4.5105,598520.217,598039.032,598520.217
RbCNO,mp-1219568,5.57057102,6.176200000000001,600460.77,598396.641,600460.77
LaSbSe,mp-1101891,2253366.5440816265,0.6929999999999996,600859.51,597540.498,600859.51
NiAsSe,mp-10846,1.26429027,0.0,598365.231,601445.284,601445.284
TeO3,mp-1101301,6.372185296666666,3.7772,600944.987,601551.443,601551.443
KLi3PbO4,mp-559106,10.698023823333337,2.9874,602451.994,595915.938,602451.994
Na2P2PdO7,mp-8989,5.4941078333333335,3.7674,602776.601,597074.245,602776.601
RbTlO2,mp-8176,13.51297176,2.0767,602511.226,603846.494,603846.494
TcAgO4,mp-7206,11.52475405,2.6093,601763.149,603915.031,603915.031
